id,customer_id,machine_group_id,machine_type_id,machine_type_detail_id,machine_tariffplan_id,vendor,model,registration_number,registration_year,construction_year,start_service_year,factory_number,ce,notified_organism_id,carried_weight,max_liters,ps_bar,fluid,producibility,region,province,city,zipcode,address,first_audit_at,last_audit_at,next_audit_at,usage,customer_machine_code,attachment_id,note,state,next_audit_type_code,reg_numb_year,reg_numb_activity_code,reg_numb_code,reg_numb_province,subject_to_startups,panieri_riserva,on_number,is_ped_group,group_factory_number,group_reg_number,ped_category,fluid_type,is_ui_group,ped_reg_numb_year,ped_reg_numb_activity_code,ped_reg_numb_code,ped_reg_numb_province,gvr_category,temp_min,temp_max,fluid_state,address_n,,,,,,,,,,,,,,,,,,,,,,
8,27,NULL,3,14,72,0,0,0,0,0,0,330,--,NULL,NULL,25,0,0,0,9,39,1887,3013,S. Cecilia,2011-09-01,2013-09-19,2014-09-01,steel,330,NULL,,0,SUCC,,,,,0,0,,0,,,,1,0,,,,,IV,-170,120,GAS,,,,,,,,,,,,,,,,,,,,,,,
11,20,NULL,1,5,7,Merlo,P10.13,,1996,1996,1996,60201,SI,NULL,240,NULL,NULL,NULL,NULL,13,11,4979,10041,Via La Loggia 79,NULL,NULL,2014-10-02,Altro,,NULL,,0,SUCC,C,N,509,96,0,0,,0,,,,0,0,,,,,,NULL,NULL,,,,,,,,,,,,,,,,,,,,,,,,
12,186,NULL,2,8,24,OMIS FAC SRL,"C 50/5,64",,2000,2000,2004,11036,SI,NULL,500,NULL,NULL,NULL,NULL,17,66,7106,32030,Via Pradenich 38,2014-01-14,2014-01-14,2017-01-25,construction,,NULL,LAVORAZIONE MARMI,0,SUCC_ANNUALE,2004,2,146,BL,0,0,,0,,,,0,0,,,,,,NULL,NULL,,,,,,,,,,,,,,,,,,,,,,,,
13,186,NULL,2,8,24,OMIS FAC SRL,C 50/7,,2000,2000,2004,11037,SI,NULL,500,NULL,NULL,NULL,NULL,17,66,7106,32030,Via Pradenich 38,2014-01-14,2014-01-14,2017-01-25,construction,,NULL,LAVORAZIONE MARMI,0,SUCC_ANNUALE,2004,2,145,BL,0,0,,0,,,,0,0,2004,2,145,BL,,NULL,NULL,,,,,,,,,,,,,,,,,,,,,,,,
14,52,NULL,3,11,44,ICEM SpA,115429,,1979,1979,1979,9941,NO,NULL,NULL,3000,18,0,0,2,46,216,65010,C.da Ginestra snc,NULL,1997-09-17,2024-01-27,steel,3946,NULL,,1,FUN_BIEN,1979,0,27040,MC,1,0,100,0,,,,1,0,,,,,IV,NULL,NULL,GAS,,,,,,,,,,,,,,,,,,,,,,,
15,52,NULL,3,11,44,I.C.E.M. Spa,115429,,1981,1981,1981,35586,NO,NULL,NULL,3000,18,0,0,2,46,216,65010,C.da Ginestra snc,NULL,1997-09-17,2024-01-27,steel,3947,NULL,Attrezzatura priva del verbale di primo impianto.,1,FUN_BIEN,1981,0,37841,MC,1,0,100,0,,,,1,0,,,,,IV,NULL,NULL,GAS,,,,,,,,,,,,,,,,,,,,,,,
16,52,NULL,3,11,44,A.Merloni Spa,10,,1986,1986,1986,118002,NO,NULL,NULL,1750,18,0,0,2,46,216,65010,C.da Ginestra snc,NULL,1987-10-15,2024-01-27,steel,3948,NULL,Attrezzatura priva di verbale di primo impianto.,1,FUN_BIEN,1986,0,9002,MC,1,0,100,0,,,,1,0,,,,,IV,NULL,NULL,GAS,,,,,,,,,,,,,,,,,,,,,,,
17,52,NULL,3,11,44,A.Merloni Spa,10,,1986,1986,1986,118161,NO,NULL,NULL,3000,18,0,0,2,46,216,65010,C.da Ginestra snc,NULL,1997-09-17,2024-01-27,steel,3949,NULL,Attrezzatura priva del verbale di primo impianto.,1,FUN_BIEN,1986,0,9161,MC,1,0,100,0,,,,1,0,,,,,IV,NULL,NULL,GAS,,,,,,,,,,,,,,,,,,,,,,,
18,52,NULL,3,11,44,A.Merloni Spa,10,,1986,1986,1986,118175,NO,NULL,NULL,3000,18,0,0,2,46,216,65010,C.da Ginestra snc,NULL,1997-09-17,2024-01-27,steel,3950,NULL,Attrezzatura priva del verbale di primo impianto.,1,FUN_BIEN,1986,0,9175,MC,1,0,100,0,,,,1,0,,,,,IV,NULL,NULL,GAS,,,,,,,,,,,,,,,,,,,,,,,
19,52,NULL,3,11,44,A.Merloni Spa,10,,1987,1987,1987,146889,NO,NULL,NULL,1750,18,0,0,2,46,216,65010,C.da Ginestra snc,NULL,1987-10-15,2024-01-27,steel,3951,NULL,Attrezzatura priva del verbale di primo impianto.,1,FUN_BIEN,1987,0,13889,MC,1,0,100,0,,,,1,0,,,,,IV,NULL,NULL,GAS,,,,,,,,,,,,,,,,,,,,,,,
20,52,NULL,3,11,44,A.Merloni Spa,10,,1988,1988,1988,174042,NO,NULL,NULL,3000,18,0,0,2,46,216,65010,C.da Ginestra snc,NULL,2014-01-28,2024-01-27,steel,3952,NULL,Attrezzatura priva del verbale di primo impianto.,1,FUN_BIEN,1988,0,11042,MC,1,0,100,0,,,,1,0,,,,,IV,NULL,NULL,GAS,,,,,,,,,,,,,,,,,,,,,,,
21,52,NULL,3,11,44,A.Merloni Spa,10,,1989,1989,1997,223067,NO,NULL,NULL,3000,18,0,0,2,46,216,65010,C.da Ginestra snc,1997-03-07,NULL,2014-01-28,steel,3953,NULL,,0,SUCC,1989,0,20067,MC,0,0,100,0,,,,1,0,,,,,IV,NULL,NULL,GAS,,,,,,,,,,,,,,,,,,,,,,,
22,52,NULL,3,11,44,Faserbatoi Spa,77432,,1989,1989,0,D4760,NO,NULL,NULL,1750,18,0,0,2,46,216,65010,C.da Ginestra snc,NULL,NULL,2014-01-28,steel,3953,NULL,Attrezzatura accompagnata dal solo libretto I.S.P.E.S.L.,0,SUCC,1989,0,4760,FG,0,0,100,0,,,,1,0,,,,,IV,NULL,NULL,GAS,,,,,,,,,,,,,,,,,,,,,,,
23,52,NULL,3,11,44,Faserbatoi Spa,77432,,1989,1989,0,D4760,NO,NULL,NULL,1750,18,0,0,2,46,216,65010,C.da Ginestra snc,1997-09-17,NULL,2014-01-29,steel,3953,NULL,,0,SUCC,1989,0,4760,FG,0,0,100,0,,,,1,0,,,,,IV,NULL,NULL,GAS,,,,,,,,,,,,,,,,,,,,,,,
24,52,NULL,3,11,44,Faserbatoi Spa,77432,,1989,1989,0,D4760,NO,NULL,NULL,1750,18,0,0,2,46,216,65010,C.da Ginestra snc,1989-11-08,1989-11-08,2014-01-28,steel,3953,NULL,Attrezzatura accompagnata solamente dal libretto I.S.P.E.S.L.,0,SUCC,1989,0,4760,FG,0,0,100,0,,,,1,0,,,,,IV,NULL,NULL,GAS,,,,,,,,,,,,,,,,,,,,,,,
25,52,NULL,3,11,44,Faserbatoi Spa,77432,,1989,1989,1989,D4760,SI,NULL,NULL,1750,18,0,0,2,46,216,65010,C.da Ginestra snc,1989-11-08,1989-11-08,2024-01-29,steel,3953,NULL,,1,INT_DEC,1989,0,4760,FG,1,0,100,0,,,,1,0,1989,0,4760,FG,IV,NULL,NULL,GAS,,,,,,,,,,,,,,,,,,,,,,,
26,52,NULL,3,11,44,A.Merloni Spa,10,,1989,1989,1997,223067,NO,NULL,NULL,1750,18,0,0,2,46,216,65010,C.da Ginestra snc,1997-03-07,1997-03-07,2024-01-27,steel,3954,NULL,,1,FUN_BIEN,1989,0,20067,MC,1,0,100,0,,,,1,0,,,,,IV,NULL,NULL,GAS,,,,,,,,,,,,,,,,,,,,,,,
27,52,NULL,3,11,44,A.Merloni Spa,10,,1989,1989,1997,236795,NO,NULL,NULL,3000,18,0,0,2,46,216,65010,C.da Ginestra snc,1997-09-17,1997-09-17,2024-01-28,steel,3955,NULL,,1,FUN_BIEN,1989,0,33795,MC,1,0,100,0,,,,1,0,,,,,IV,NULL,NULL,GAS,,,,,,,,,,,,,,,,,,,,,,,
28,52,NULL,3,11,44,A.Merloni Spa,11500,,1990,1990,1997,272449,NO,NULL,NULL,1750,18,0,0,2,46,216,65010,C.da Ginestra snc,1997-07-08,1997-07-08,2024-01-28,steel,3956,NULL,,1,FUN_BIEN,1990,0,27449,MC,1,0,100,0,,,,1,0,,,,,IV,NULL,NULL,GAS,,,,,,,,,,,,,,,,,,,,,,,
29,52,NULL,3,11,44,A.Merloni Spa,11500,,1991,1991,1997,314079,NO,NULL,NULL,3000,18,0,0,2,46,216,65010,C.da Ginestra snc,1997-09-17,1997-09-17,2024-01-28,steel,3957,NULL,,1,FUN_BIEN,1991,0,27079,MC,1,0,100,0,,,,1,0,,,,,IV,NULL,NULL,GAS,,,,,,,,,,,,,,,,,,,,,,,
30,52,NULL,3,11,44,A.Merloni Spa,11500,,1991,1991,1997,333474,NO,NULL,NULL,1750,18,0,0,2,46,216,65010,C.da Ginestra snc,1997-07-08,1997-07-08,2024-01-28,steel,3958,NULL,,1,FUN_BIEN,1991,0,46474,MC,1,0,100,0,,,,1,0,,,,,IV,NULL,NULL,GAS,,,,,,,,,,,,,,,,,,,,,,,
31,52,NULL,3,11,44,A.Merloni Spa,11500,,1992,1992,1997,345989,NO,NULL,NULL,3000,18,0,0,2,46,216,65010,C.da Ginestra snc,1997-09-17,1997-09-17,2024-01-28,steel,3959,NULL,,1,FUN_BIEN_INT_DEC,1992,0,9989,MC,1,0,100,0,,,,1,0,,,,,IV,NULL,NULL,GAS,,,,,,,,,,,,,,,,,,,,,,,
32,52,NULL,3,11,44,ICI Caldaie Spa,123688,,1993,1993,1991,76438,NO,NULL,NULL,1750,18,0,0,2,46,216,65010,C.da Ginestra snc,1997-03-07,1997-03-07,2024-01-28,steel,3960,NULL,,1,FUN_BIEN,1993,0,8668,VR,1,0,100,0,,,,1,0,,,,,IV,NULL,NULL,GAS,,,,,,,,,,,,,,,,,,,,,,,
33,52,NULL,3,11,44,Plinoxotar Srl,327270,,1994,1994,1997,97212,NO,NULL,NULL,1750,18,0,0,2,46,216,65010,C.da Ginestra snc,1997-10-15,1997-10-15,2024-01-28,steel,3961,NULL,,1,FUN_BIEN,1994,0,5747,RM,1,0,100,0,,,,1,0,,,,,IV,NULL,NULL,GAS,,,,,,,,,,,,,,,,,,,,,,,
34,265,NULL,3,12,53,GIROLA,,,0,1976,0,2816,NO,NULL,NULL,0,15,0,0,9,40,1941,4011,VIA DELLE SCIENZE 6,NULL,2010-12-09,2016-05-18,steel,,NULL,,0,VIS_INT_BIEN,1976,0,25098,ML,0,0,,0,,,,2,0,,,25098,,IV,NULL,NULL,VAPOR,,,,,,,,,,,,,,,,,,,,,,,
35,56,NULL,2,9,38,Marchetti ,MG 5032,,1991,1991,1991,3690,NO,NULL,50000,NULL,NULL,NULL,NULL,10,78,5743,9023,"S.S. 128 - Km 0,100 - loc. S' Ollastu ",NULL,NULL,2019-05-04,construction,,NULL,,1,SUCC_ANNUALE,1991,0,407,PC,0,0,,0,,,,NULL,0,1991,0,407,PC,,0,0,,,,,,,,,,,,,,,,,,,,,,,,
36,56,NULL,2,9,38,ICOMA,Hyco RT 121,,1983,1983,1983,121356,NO,NULL,28000,NULL,NULL,NULL,NULL,10,78,5743,9023,"S.S. 128 Km 0,100 - loc. S' Ollastu",NULL,NULL,2019-05-04,construction,,NULL,,1,SUCC_ANNUALE,1983,0,860,MI,0,0,,0,,,,NULL,0,1983,0,860,MI,,0,0,,,,,,,,,,,,,,,,,,,,,,,,
37,56,NULL,2,8,36,Effer,58N - 3S,,1994,1994,1994,5E21615,--,NULL,19800,NULL,NULL,NULL,NULL,10,78,5743,9023,SS 131 Km 19,NULL,2013-07-03,2016-10-15,construction,,NULL,PROSSIMA VENTENNALE 18/07/2019,1,SUCC_ANNUALE,1994,0,608,BO,0,0,,0,,,,0,0,1994,0,608,BO,,0,0,,,,,,,,,,,,,,,,,,,,,,,,
38,183,NULL,2,8,32,Potain,IGO 21,,0,2003,2009,93987,--,NULL,1800,NULL,NULL,NULL,NULL,10,80,5914,9070,LocalitÃ  Nuraghe Aurras - Zona,NULL,2013-10-09,2014-10-09,construction,,NULL,,0,SUCC_ANNUALE,9,2,929,OR,0,0,,0,,,,0,0,,,,,,NULL,NULL,,,,,,,,,,,,,,,,,,,,,,,,
39,183,NULL,2,8,32,Potain,IGO 18,,2008,2008,2009,413502,--,NULL,1800,NULL,NULL,NULL,NULL,10,80,5914,9070,LocalitÃ  Nuraghe Aurras,NULL,2013-10-15,2016-01-08,construction,,NULL,,0,SUCC_ANNUALE,2008,2,35,OR,0,0,,0,,,,0,0,8,2,35,OR,,NULL,NULL,,,,,,,,,,,,,,,,,,,,,,,,
40,183,NULL,2,6,9,Manitou,MVT 1340 SL,,0,2004,2011,M E2,--,NULL,4000,NULL,NULL,NULL,NULL,10,80,5914,9070,LocalitÃ  Nuraghe Aurras,NULL,2013-10-23,2014-10-23,construction,,NULL,,0,SUCC_ANNUALE,2011,2,27,OR,0,0,,0,,,,0,0,,,,,,NULL,NULL,,,,,,,,,,,,,,,,,,,,,,,,
41,52,NULL,3,11,44,I.C.I. CALDAIE S.P.A.,123688,,1990,1990,2002,61443,NO,NULL,NULL,1750,18,0,0,20,88,8030,54013,LOC. FRACCANO,2002-02-27,2002-02-27,2024-06-15,steel,3160,NULL,,1,INT_DEC,1990,0,10583,VR,1,0,100,0,,,,1,0,,,,,IV,NULL,NULL,GAS,,,,,,,,,,,,,,,,,,,,,,,
42,52,NULL,3,11,44,FASERBATOI S.P.A.,,,1988,1988,1989,2951,NO,NULL,NULL,1750,17,0,0,20,88,6960,54024,LOC TROPPOLA,1989-05-05,1998-12-02,2024-10-14,steel,3158,NULL,c/o ALLIANZ SPA TENUTA DI SCHEGGIA,1,INT_DEC,1988,0,2951,FG,0,0,100,0,,,,1,0,1988,0,2951,FG,IV,NULL,NULL,GAS,,,,,,,,,,,,,,,,,,,,,,,
43,52,NULL,3,11,44,ANTONIO MERLONI SPA,11500,,1992,1992,1997,340201,NO,NULL,NULL,1750,17,0,0,20,88,6964,54028,"VIA PALOMBARETTO, 30/G",1997-04-29,1997-04-29,2024-09-24,steel,3161,NULL,,1,INT_DEC,1992,0,4201,MC,0,0,100,0,,,,1,0,1992,0,4201,MC,IV,NULL,NULL,GAS,,,,,,,,,,,,,,,,,,,,,,,
44,52,NULL,3,11,43,OTAR DI SETTIMI,298350,,1990,1990,1990,48304,NO,NULL,NULL,990,17,0,0,20,88,6975,54039,"VIA G. LUNGHI, 63 ",1990-06-11,2002-07-17,2024-10-14,steel,3162,NULL,c/o BIGI SAS DI BIGI ALVIERO & C.,1,INT_DEC,1990,0,280,RM,0,0,100,0,,,,1,0,1990,0,280,RM,IV,NULL,NULL,GAS,,,,,,,,,,,,,,,,,,,,,,,
45,52,NULL,3,11,44,NOVOGAS C/O LIOTARD SA,,,1990,1990,1990,1013,NO,NULL,NULL,1750,18,0,0,20,88,6975,54039,STR MULINO CAPUZZOLA RESINA,1994-02-04,1994-04-07,2014-02-04,steel,3163,NULL,,1,INT_DEC,1990,0,3316,EE,0,0,100,0,,,,1,0,,,,,IV,NULL,NULL,GAS,,,,,,,,,,,,,,,,,,,,,,,
46,52,NULL,3,11,44,FASERBATOI S.P.A.,77432,,1992,1992,1992,4278,NO,NULL,NULL,1750,18,0,0,20,88,6964,54028,VIA DEL SOLE ADOLFO,2002-11-10,2002-11-10,2024-05-18,steel,3164,NULL,,1,INT_DEC,1992,0,4278,FG,1,0,100,0,,,,1,0,,,,,IV,NULL,NULL,GAS,,,,,,,,,,,,,,,,,,,,,,,
47,52,NULL,3,11,42,I.C.E.M SPA,115429,,1976,1976,1987,18040,NO,NULL,NULL,990,18,0,0,20,88,6975,54039,"STR. TIBERINA NORD, 70/A",1987-06-23,1993-06-14,2014-02-04,steel,3165,NULL,,1,INT_DEC,1976,0,19386,MC,0,0,100,0,,,,1,0,,,,,IV,NULL,NULL,GAS,,,,,,,,,,,,,,,,,,,,,,,
48,52,NULL,3,11,43,I.C.I. SPA,123688,,1985,1985,1985,33929,NO,NULL,NULL,990,18,0,0,20,88,6975,54039,"VIA SELVETTE, 11",1992-05-29,1992-05-29,2024-09-24,steel,3166,NULL,,1,INT_DEC,1985,0,7630,VR,0,0,100,0,,,,1,0,,,,,IV,NULL,NULL,GAS,,,,,,,,,,,,,,,,,,,,,,,
49,52,NULL,3,11,44,I.C.I. SPA,123688,,1984,1984,1994,28280,NO,NULL,NULL,5000,18,0,0,20,88,6969,54033,LOC CORVO,1994-12-15,1994-12-15,2024-06-16,steel,3167,NULL,,1,INT_DEC,1984,0,5529,VR,1,0,100,0,,,,1,0,,,,,IV,NULL,NULL,GAS,,,,,,,,,,,,,,,,,,,,,,,
50,52,NULL,3,11,44,C. S.C. SRL,54531,,1990,1990,0,13182,NO,NULL,NULL,2500,18,0,0,20,88,8030,54013,"LOC. LA CASA, 1",2001-04-27,2001-04-27,2014-02-04,steel,3168,NULL,,1,INT_DEC,1990,0,5053,AL,0,0,100,0,,,,1,0,,,,,IV,NULL,NULL,GAS,,,,,,,,,,,,,,,,,,,,,,,
51,52,NULL,3,11,44,OTAR DI SETTIMI,298350,,1988,1988,0,36143,NO,NULL,NULL,5000,18,0,0,20,88,6955,54018,VIA S. LORENZO LA VALLE,1990-06-20,1998-04-01,2014-02-04,steel,3169,NULL,,1,INT_DEC,1988,0,12609,RM,0,0,100,0,,,,1,0,,,,,IV,NULL,NULL,GAS,,,,,,,,,,,,,,,,,,,,,,,
52,52,NULL,3,11,44,I.C.I. CALDAIE S.P.A.,123688,,1990,1990,0,61776,NO,NULL,NULL,3000,18,0,0,20,88,6963,54027,"LOC. S. ORSOLA, 140",2000-03-21,2000-03-21,2024-05-21,steel,3170,NULL,,1,INT_DEC,1990,0,12526,VR,1,0,100,0,,,,1,0,,,,,IV,NULL,NULL,GAS,,,,,,,,,,,,,,,,,,,,,,,
53,52,NULL,3,11,44,A. MERLONI SPA,10,,1989,1989,0,239841,NO,NULL,NULL,1750,18,0,0,20,88,6991,54056,"LOC. NICCONE, 173",1990-09-26,1998-08-06,2024-06-18,steel,3171,NULL,,1,INT_DEC,1989,0,36841,MC,1,0,100,0,,,,1,0,,,,,IV,NULL,NULL,GAS,,,,,,,,,,,,,,,,,,,,,,,
54,52,NULL,3,11,44,A. MERLONI SPA,10,,1985,1985,0,105924,NO,NULL,NULL,3000,18,0,0,20,88,6977,54041,LOC. SANTA CERTA,1987-08-17,1993-10-07,2024-06-16,steel,3183,NULL,,1,INT_DEC,1985,0,21924,MC,1,0,100,0,,,,1,0,,,,,IV,NULL,NULL,GAS,,,,,,,,,,,,,,,,,,,,,,,
55,52,NULL,3,11,43,DI ZIO SPA,,,1983,1983,0,5383,NO,NULL,NULL,990,18,0,0,20,88,6991,54056,LOC. PIERANTONIO,1985-09-26,1985-09-26,2024-06-17,steel,3181,NULL,,1,INT_DEC,1983,0,367,PE,1,0,100,0,,,,1,0,,,,,IV,NULL,NULL,GAS,,,,,,,,,,,,,,,,,,,,,,,
56,52,NULL,3,11,44,PROVIDES METALMECCANICA,332825,,1989,1989,1998,11296,NO,NULL,NULL,1750,18,0,0,20,88,6960,54024,LOC. BARONCELLI COLLONATA,1998-01-30,1998-01-30,2014-05-15,steel,3172,NULL,,1,INT_DEC,1989,0,1196,LT,1,0,100,0,,,,1,0,,,,,IV,NULL,NULL,GAS,,,,,,,,,,,,,,,,,,,,,,,
57,52,NULL,3,11,44,A. MERLONI SPA,10,,1986,1986,1987,114390,NO,NULL,NULL,3000,17,0,0,20,88,6975,54039,"VIA VESTRICCIANO GENNA, 2",1987-06-01,2000-10-12,2024-10-14,steel,3173,NULL,c/o BIGI SAS DI BIGI ALVIERO & C.,1,INT_DEC,1986,0,5390,MC,0,0,100,0,,,,1,0,1986,0,5390,MC,IV,NULL,NULL,GAS,,,,,,,,,,,,,,,,,,,,,,,
58,52,NULL,3,11,43,FASERBATOI S.P.A.,77432,,1986,1986,1997,A3127,NO,NULL,NULL,1000,18,0,0,20,88,6980,54044,"VIA G.PASTORE, 60",1997-04-14,1997-04-14,2014-02-05,steel,3175,NULL,,1,INT_DEC,1986,0,3127,FG,0,0,100,0,,,,1,0,,,,,IV,NULL,NULL,GAS,,,,,,,,,,,,,,,,,,,,,,,
59,52,NULL,3,11,44,I.M.Z. SPA F.LLI ILLESI,161125,,1985,1985,1987,45201,NO,NULL,NULL,3000,1,0,0,20,88,6975,54039,"P.ZZA PIETRO PERUGINO, 1",1987-06-02,1999-08-04,2024-10-21,steel,3176,NULL,,1,INT_DEC,1985,0,11401,VI,0,0,100,0,,,,1,0,,,,,IV,NULL,NULL,GAS,,,,,,,,,,,,,,,,,,,,,,,
60,52,NULL,3,11,44,ANTONIO MERLONI SPA,11500,,2001,2001,2001,723963,NO,NULL,NULL,2750,18,0,0,20,88,6987,54052,LOC. CAMERATA,2001-12-17,2013-08-30,2024-05-21,steel,3177,NULL,,1,INT_DEC,2001,3,31963,M,1,0,100,0,,,,1,0,,,,,IV,NULL,NULL,GAS,,,,,,,,,,,,,,,,,,,,,,,
61,52,NULL,3,11,44,OTAR DI SETTIMI,298350,,1987,1987,1999,19957,NO,NULL,NULL,1750,18,0,0,20,88,6949,54010,"VIA F. MORLACCHI, 9",1999-05-21,1999-09-21,2024-05-08,steel,3180,NULL,,1,INT_DEC,1987,0,834,RM,0,0,100,0,,,,1,0,,,,,IV,NULL,NULL,GAS,,,,,,,,,,,,,,,,,,,,,,,
62,183,NULL,1,5,7,Haulotte,H 185 DX,,0,2001,0,CD 101637,--,NULL,500,NULL,NULL,NULL,NULL,10,80,5914,9070,LocalitÃ  Nuraghe Aurras,NULL,2014-01-10,2015-01-10,construction,,NULL,,0,SUCC,10,2,248,RA,0,0,,0,,,,0,0,RA,2,248,10,,NULL,NULL,,,,,,,,,,,,,,,,,,,,,,,,
63,183,NULL,2,8,36,Amco Veba,V 817 4 S,,0,2005,0,17516/05,--,NULL,6880,NULL,NULL,NULL,NULL,10,80,5914,9070,LocalitÃ  Nuraghe Aurras,NULL,2013-12-02,2014-12-02,construction,,NULL,,0,SUCC,9,2,7,OR,0,0,,0,,,,0,0,,,,,,NULL,NULL,,,,,,,,,,,,,,,,,,,,,,,,
64,183,NULL,2,9,37,Dieci srl,,,0,2001,0,1500201,--,NULL,4000,NULL,NULL,NULL,NULL,10,80,5914,9070,LocalitÃ  Nuraghe Aurras,NULL,2013-04-29,2014-04-29,construction,,NULL,,0,SUCC_ANNUALE,,,,,0,0,,0,,,,0,0,,,,,,0,0,,,,,,,,,,,,,,,,,,,,,,,,
65,52,NULL,3,11,44,A. MERLONI SPA,115429,,1984,1984,1988,66700,NO,NULL,NULL,3000,18,0,0,20,88,6960,54024,"LOC. MORENA, 3",1991-04-12,1991-04-19,2024-10-21,steel,3182,NULL,,1,INT_DEC,1984,0,2770,MC,0,0,100,0,,,,1,0,,,,,IV,NULL,NULL,GAS,,,,,,,,,,,,,,,,,,,,,,,
66,52,NULL,3,11,43,ANTONIO MERLONI SPA,11500,,1993,1993,1994,405197,NO,NULL,NULL,1000,18,0,0,20,88,6982,54047,"P.ZA DEL MERCATO,5",1994-09-22,1994-09-22,2014-02-05,steel,3249,NULL,,1,INT_DEC,1993,0,16197,MC,0,0,100,0,,,,1,0,,,,,IV,NULL,NULL,GAS,,,,,,,,,,,,,,,,,,,,,,,
67,52,NULL,3,11,43,ANTONIO MERLONI SPA,11500,,1993,1993,1994,405238,NO,NULL,NULL,1000,18,0,0,20,88,6982,54047,"P.ZA DEL MERCATO,5",1994-09-22,1994-09-22,2014-02-05,steel,3250,NULL,,1,INT_DEC,1993,0,16238,MC,0,0,100,0,,,,1,0,,,,,IV,NULL,NULL,GAS,,,,,,,,,,,,,,,,,,,,,,,
68,52,NULL,3,11,44,ANTONIO MERLONI SPA,11500,,1993,1993,1993,416718,NO,NULL,NULL,1750,18,0,0,20,88,6959,54023,LOC. GRELLO COL DI LEPRE,NULL,2014-02-05,2014-02-05,steel,3184,NULL,,1,INT_DEC,1993,0,27718,MC,0,0,100,0,,,,1,0,,,,,IV,NULL,NULL,GAS,,,,,,,,,,,,,,,,,,,,,,,
69,52,NULL,3,11,43,OTAR DI SETTIMI,298350,,1986,1986,1995,14579,NO,NULL,NULL,990,18,0,0,20,88,8031,54021,LOC. MORIANO,1995-10-16,2000-11-16,2024-05-21,steel,3185,NULL,,1,INT_DEC,1986,0,4471,RM,1,0,100,0,,,,1,0,,,,,IV,NULL,NULL,GAS,,,,,,,,,,,,,,,,,,,,,,,
70,52,NULL,3,11,44,I.M.Z. SPA F.LLI ILLESI,161125,,1981,1981,1996,24643,NO,NULL,NULL,5000,18,0,0,20,88,8031,54021,LOC. MORIANO,1996-07-19,1996-07-19,2024-05-21,steel,3186,NULL,,1,INT_DEC,1981,2,17293,VI,1,0,100,0,,,,1,0,,,,,IV,NULL,NULL,GAS,,,,,,,,,,,,,,,,,,,,,,,
71,291,NULL,2,8,35,Amco Veba Srl,702/15,,2002,2001,2002,13075,SI,NULL,1900,NULL,NULL,NULL,NULL,17,66,7146,32030,Via Sorriva 199,2013-01-28,2014-02-04,2015-07-04,construction,,NULL,Accordato sconto 15% su tariffario,0,SUCC_ANNUALE,2,2,10,BL,0,0,,0,,,,0,0,,,,,,NULL,NULL,,,,,,,,,,,,,,,,,,,,,,,,
72,262,NULL,2,8,35,Pm Group Spa,PM 3623,,2012,2010,2012,GA970157,SI,NULL,990,NULL,NULL,NULL,NULL,5,101,6566,38050,Via Pomaia 39,2014-01-22,2014-01-22,2015-01-22,construction,,NULL,Da fare contratto!,0,SUCC,12,2,120,BL,0,0,,0,,,,0,0,,,,,,NULL,NULL,,,,,,,,,,,,,,,,,,,,,,,,
73,266,NULL,2,8,32,Potain,Igo 13,,2004,2004,2004,97684,SI,NULL,1800,NULL,NULL,NULL,NULL,17,66,7097,32021,Via Valcozzena,2006-09-11,2013-12-05,2020-06-24,construction,,NULL,,1,SUCC_ANNUALE,2004,2,66,BL,0,0,,0,,,,0,0,2004,2,66,BL,,0,0,,,,,,,,,,,,,,,,,,,,,,,,
74,186,NULL,2,9,37,Mulinari,,,1993,1993,1993,1869332,SI,NULL,3200,NULL,NULL,NULL,NULL,17,66,7106,32030,Via Pradenich ,2004-11-17,2013-12-04,2016-12-09,construction,,NULL,06/12/2016 CHIAMATI PER SCADENZA VERIFICA MA FORSE A FINE ANNO PASSANO LA DITTA...VEDIAMO 2017 COSA HANNO DECISO,0,SUCC_ANNUALE,1993,0,344,RA,0,0,,0,,,,0,0,1993,0,344,RA,,0,0,,38,,,,,,,,,,,,,,,,,,,,,,
75,186,NULL,2,8,36,Hiab,100/AWV,,1990,1990,1990,5016,SI,NULL,4400,NULL,NULL,NULL,NULL,17,66,7114,32030,Via Monte Vallorca 5,2004-12-24,2013-11-26,2015-11-26,construction,,NULL,,0,SUCC_ANNUALE,1990,0,206,UD,0,0,,0,,,,0,0,1990,0,206,UD,,NULL,NULL,,,,,,,,,,,,,,,,,,,,,,,,
76,186,NULL,2,8,35,Bonfiglioli,3100 N,,1997,1995,1996,1129,SI,NULL,1550,NULL,NULL,NULL,NULL,17,66,7114,32030,Via Monte Vallorca  co MORETTO,2004-12-24,2013-12-06,2016-12-14,construction,,NULL,"Sconto 15%
",0,SUCC_ANNUALE,1997,2,114,BL,0,0,,0,,,,0,0,1997,2,114,BL,,0,0,,5,,,,,,,,,,,,,,,,,,,,,,
77,52,NULL,3,11,44,I.C.E.M SPA,115120,,1982,1982,1982,29814,NO,NULL,NULL,5000,18,0,0,20,88,8031,54021,LOC. MORIANO,1982-02-04,1993-07-12,2024-05-18,steel,3187,NULL,,1,INT_DEC,1982,0,41268,MC,1,0,100,0,,,,1,0,,,,,IV,NULL,NULL,GAS,,,,,,,,,,,,,,,,,,,,,,,
78,52,NULL,3,11,44,OTAR DI SETTIMI,298350,,1986,1986,1996,13941,NO,NULL,NULL,5000,18,0,0,20,88,8031,54021,LOC. MORIANO,1996-07-19,0199-07-19,2024-05-21,steel,3188,NULL,,1,INT_DEC,1986,0,3286,RM,1,0,100,0,,,,1,0,,,,,IV,NULL,NULL,GAS,,,,,,,,,,,,,,,,,,,,,,,
79,281,NULL,2,8,35,Pm Group Spa,PM 6523,,2002,2001,2002,GA320706,SI,NULL,2850,NULL,NULL,NULL,NULL,17,66,7114,32030,Via Monte Vallorca  coMORETTO,2012-10-11,2014-01-30,2019-01-25,construction,,NULL,Sconto 15%,1,SUCC_ANNUALE,2002,2,60,BL,0,0,,0,,,,0,0,2,2,60,BL,,0,0,,5,,,,,,,,,,,,,,,,,,,,,,
80,281,NULL,2,8,32,Benazzato PRESCRIZIONI BULLONI,197-14-14-500 - 2020 DECIDONO cosa,,1999,1999,1999,3683,SI,NULL,1000,NULL,NULL,NULL,NULL,17,66,7125,31016,Villa di Villa,2013-06-15,2013-06-15,2019-05-08,construction,,NULL,strutturale SFERA del 14/05/2019 valida fino a 14/05/2022,1,SUCC_ANNUALE,1999,2,54,BL,0,0,,0,,,,0,0,1999,2,54,BL,,0,0,,82,,,,,,,,,,,,,,,,,,,,,,
81,52,NULL,3,11,44,OTAR DI SETTIMI,298350,,1986,1986,1996,14375,NO,NULL,NULL,5000,18,0,0,20,88,8031,54021,LOC. MORIANO,1996-11-04,1996-11-04,2014-02-06,steel,3199,NULL,,1,INT_DEC,1986,0,4267,RM,0,0,100,0,,,,1,0,,,,,IV,NULL,NULL,GAS,,,,,,,,,,,,,,,,,,,,,,,
82,52,NULL,3,11,44,A. MERLONI SPA,10,,1986,1986,1995,118494,NO,NULL,NULL,5000,18,0,0,20,88,8031,54021,LOC. MORIANO,1995-10-21,1995-10-21,2014-02-06,steel,3190,NULL,,1,INT_DEC,1986,0,9494,MC,0,0,100,0,,,,1,0,,,,,IV,NULL,NULL,GAS,,,,,,,,,,,,,,,,,,,,,,,
83,52,NULL,3,11,44,A. MERLONI SPA,10,,1986,1986,1986,118501,NO,NULL,NULL,5000,18,0,0,20,88,8031,54021,LOC. MORIANO,1999-06-10,1999-06-10,2024-05-21,steel,3191,NULL,,1,INT_DEC,1986,0,9501,MC,1,0,100,0,,,,1,0,,,,,IV,NULL,NULL,GAS,,,,,,,,,,,,,,,,,,,,,,,
84,52,NULL,3,11,44,OTAR DI SETTIMI,298350,,1986,1986,1996,19427,NO,NULL,NULL,5000,18,0,0,20,88,8031,54021,LOC. MORIANO,1996-07-19,1998-05-18,2024-05-21,steel,3192,NULL,,1,INT_DEC,1987,0,304,RM,1,0,100,0,,,,1,0,,,,,IV,NULL,NULL,GAS,,,,,,,,,,,,,,,,,,,,,,,
85,52,NULL,3,11,44,ANTONIO MERLONI SPA,11500,,2000,2000,2000,680636,NO,NULL,NULL,5000,1,0,0,20,88,8031,54021,LOC. MORIANO,2000-11-02,2000-11-02,2024-05-21,steel,3193,NULL,,1,INT_DEC,2000,3,38636,MC,1,0,100,0,,,,1,0,,,,,IV,NULL,NULL,GAS,,,,,,,,,,,,,,,,,,,,,,,
86,52,NULL,3,11,44,ANTONIO MERLONI SPA,11500,,2000,2000,2000,680638,NO,NULL,NULL,5000,1,0,0,20,88,8031,54021,LOC. MORIANO,2000-11-02,2000-11-02,2024-05-20,steel,3194,NULL,,1,INT_DEC,2000,3,38638,MC,1,0,100,0,,,,1,0,,,,,IV,NULL,NULL,GAS,,,,,,,,,,,,,,,,,,,,,,,
87,52,NULL,3,11,44,ANTONIO MERLONI SPA,11500,,2000,2000,2000,67410,NO,NULL,NULL,5000,18,0,0,20,88,6960,54024,FRAZ. BRANCA,2000-07-06,2000-07-06,2024-05-07,steel,3196,NULL,,1,INT_DEC,2000,3,30410,MC,1,0,100,0,,,,1,0,,,,,IV,NULL,NULL,GAS,,,,,,,,,,,,,,,,,,,,,,,
88,52,NULL,3,11,43,A. MERLONI SPA,10,,1985,1985,1986,103094,NO,NULL,NULL,990,18,0,0,20,88,6975,54039,"Z.I. PIP, 8 P. PATTOLI",1986-02-05,1994-06-27,2014-02-06,steel,3197,NULL,,1,INT_DEC,1985,0,9094,M,0,0,100,0,,,,1,0,,,,,IV,NULL,NULL,GAS,,,,,,,,,,,,,,,,,,,,,,,
89,52,NULL,3,11,44,ANTONIO MERLONI SPA,11500,,1991,1991,1992,314202,NO,NULL,NULL,3000,18,0,0,20,88,6955,54018,S.S. FLAMINIA KM. 147,1992-07-17,2001-09-25,2014-02-06,steel,3198,NULL,,1,INT_DEC,1991,0,27202,MC,0,0,100,0,,,,1,0,,,,,IV,NULL,NULL,GAS,,,,,,,,,,,,,,,,,,,,,,,
90,52,NULL,3,11,44,OTAR DI SETTIMI,298350,,1988,1988,1990,36888,NO,NULL,NULL,1750,18,0,0,20,88,6974,54038,LOC  CERQUETO DI  TRECINE,1990-05-22,1990-05-22,2014-02-06,steel,3153,NULL,,1,INT_DEC,1988,0,13573,RM,0,0,100,0,,,,1,0,,,,,IV,NULL,NULL,GAS,,,,,,,,,,,,,,,,,,,,,,,
91,52,NULL,3,11,44,A. MERLONI SPA,10,,1986,1986,1989,114384,NO,NULL,NULL,3000,18,0,0,20,88,6975,54039,"STRADA FONTE CANALE, 3/A",1989-10-09,1989-10-09,2024-10-21,steel,3200,NULL,,1,INT_DEC,1986,0,5384,MC,0,0,100,0,,,,1,0,,,,,IV,NULL,NULL,GAS,,,,,,,,,,,,,,,,,,,,,,,
92,52,NULL,3,11,44,I.C.I. CALDAIE S.P.A.,123688,,1990,1990,1994,61610,NO,NULL,NULL,5000,18,0,0,20,88,6987,54052,"LOC. SAN VALENTINO, 38/A",1994-12-12,1994-12-12,2024-09-24,steel,3201,NULL,,1,INT_DEC,1990,0,10750,VR,0,0,100,0,,,,1,0,,,,,IV,NULL,NULL,GAS,,,,,,,,,,,,,,,,,,,,,,,
93,52,NULL,3,11,44,THERMODYNE DI PENATI,517910,,1982,1982,1990,6178,NO,NULL,NULL,5000,18,0,0,20,88,6952,54015,LOC. TEVERNE,1986-08-29,1990-05-03,2014-02-06,steel,3202,NULL,,1,INT_DEC,1982,2,96706,TO,0,0,100,0,,,,1,0,,,,,IV,NULL,NULL,GAS,,,,,,,,,,,,,,,,,,,,,,,
94,52,NULL,3,11,44,A. MERLONI SPA,10,,1986,1986,1998,129234,NO,NULL,NULL,3000,18,0,0,20,88,6989,54054,"VIA  CASA DEL PUTTO, 6/A",1998-02-13,1998-02-13,2024-05-07,steel,3203,NULL,,1,INT_DEC,1986,0,20234,MC,1,0,100,0,,,,1,0,,,,,IV,NULL,NULL,GAS,,,,,,,,,,,,,,,,,,,,,,,
95,52,NULL,3,11,43,A. MERLONI SPA,115429,,1984,1984,1987,65493,NO,NULL,NULL,990,18,0,0,20,88,6989,54054,VIA XXV APRILE Z.I. PIETRAROSS,1984-07-24,1998-06-05,2024-05-07,steel,3205,NULL,,1,INT_DEC,1984,0,1563,MC,1,0,100,0,,,,1,0,,,,,IV,NULL,NULL,GAS,,,,,,,,,,,,,,,,,,,,,,,
96,52,NULL,3,11,44,PROVIDES METALMECCANICA,322825,,1989,1989,1989,10919,NO,NULL,NULL,1750,18,0,0,20,88,6991,54056,LOC. SPEDALICCHIO,1989-12-12,2000-05-03,2024-06-17,steel,3205,NULL,,1,INT_DEC,1989,0,819,LT,1,0,100,0,,,,1,0,,,,,IV,NULL,NULL,GAS,,,,,,,,,,,,,,,,,,,,,,,
97,281,NULL,2,8,32,Terex Comedil,CBR 24 H2,,2003,2003,2007,G6703006,SI,NULL,2000,NULL,NULL,NULL,NULL,17,66,8042,32016,via Andrea Costa,2012-10-31,2014-02-12,2020-12-04,construction,,NULL,tel.Loris 3385620000,1,SUCC_ANNUALE,2003,2,83,BL,0,0,,0,,,,0,0,2003,2,83,BL,,0,0,,,,,,,,,,,,,,,,,,,,,,,,
98,52,NULL,3,11,43,A. MERLONI SPA,115429,,1984,1984,1984,67840,NO,NULL,NULL,990,18,0,0,20,88,6964,54028,LOC. SCARAMUCCIA,1984-02-24,1984-02-24,2014-02-07,steel,3206,NULL,,1,INT_DEC,1984,0,3890,MC,0,0,100,0,,,,1,0,,,,,IV,NULL,NULL,GAS,,,,,,,,,,,,,,,,,,,,,,,
99,52,NULL,3,11,44,FASERBATOI S.P.A.,77432,,1988,1988,1986,3513,NO,NULL,NULL,1750,18,0,0,20,88,6957,54020,"VIA TUBERTE, 20",1996-10-15,1996-10-15,2014-02-07,steel,3207,NULL,,1,INT_DEC,1988,0,3513,FG,0,0,100,0,,,,1,0,,,,,IV,NULL,NULL,GAS,,,,,,,,,,,,,,,,,,,,,,,
100,52,NULL,3,11,44,A. MERLONI SPA,10,,1989,1989,1997,238422,NO,NULL,NULL,1750,18,0,0,20,88,6957,54020,VIA DEL PISCIARELLO,1997-03-07,1997-03-07,2014-02-07,steel,3208,NULL,,1,INT_DEC,1989,0,35422,MC,0,0,100,0,,,,1,0,,,,,IV,NULL,NULL,GAS,,,,,,,,,,,,,,,,,,,,,,,
101,52,NULL,3,11,44,WALTER TOSTO SERBATOI SPA,131741,,1993,1993,1994,110876,NO,NULL,NULL,5000,18,0,0,20,88,6987,54052,LOC. VOLPOLANO ASPROLI,1994-03-16,1994-03-16,2014-02-07,steel,3209,NULL,,1,INT_DEC,1993,0,7110,CH,0,0,100,0,,,,1,0,,,,,IV,NULL,NULL,GAS,,,,,,,,,,,,,,,,,,,,,,,
102,52,NULL,3,11,44,I.C.E.M SPA,115429,,1981,1981,1983,35944,NO,NULL,NULL,3000,18,0,0,20,88,6975,54039,"VIA S.PENNA, 60",1983-05-10,1991-10-02,2014-02-07,steel,3218,NULL,,1,INT_DEC,1981,0,40399,MC,0,0,100,0,,,,1,0,,,,,IV,NULL,NULL,GAS,,,,,,,,,,,,,,,,,,,,,,,
103,290,NULL,2,8,36,PM GROUP SPA,PM 20024,,2002,2002,2002,GA280254,SI,NULL,9000,NULL,NULL,NULL,NULL,17,66,7113,32032,C/O Cantiere,2012-12-17,2014-01-31,2021-01-22,construction,,NULL,,1,SUCC_ANNUALE,2002,2,62,BL,0,0,,0,,,,0,0,2002,2,62,BL,,0,0,,,,,,,,,,,,,,,,,,,,,,,,
104,249,NULL,2,8,36,Autogru Pm Spa,PM 42024 LC,,2002,2002,2002,GA400066,SI,NULL,16000,NULL,NULL,NULL,NULL,17,66,7114,32030,Via Monte Vallorca MORETTO,2013-05-10,2014-01-30,2020-02-27,construction,,NULL,Sconto 15%,0,SUCC_ANNUALE,2002,2,61,BL,0,0,,0,,,,0,0,2002,2,61,BL,,0,0,,5,,,,,,,,,,,,,,,,,,,,,,
105,52,NULL,3,11,44,OTAR DI SETTIMI,298350,,1986,1986,1986,14399,NO,NULL,NULL,3000,18,0,0,20,88,6970,54034,"VIA FANO, 41",1986-12-01,1999-03-23,2024-05-07,steel,3219,NULL,,1,INT_DEC,1986,0,4291,RM,1,0,100,0,,,,1,0,,,,,IV,NULL,NULL,GAS,,,,,,,,,,,,,,,,,,,,,,,
106,249,NULL,2,8,36,Hiab,100 AW,,1987,1987,1987,4206,SI,NULL,4450,NULL,NULL,NULL,NULL,17,66,7114,32030,Via Monte Vallorca 5 coMORETTO,2014-02-04,2014-02-04,2020-01-11,construction,,NULL,,0,SUCC_ANNUALE,BZ,0,341,87,0,0,,0,,,,0,0,BZ,0,341,87,,NULL,NULL,,,,,,,,,,,,,,,,,,,,,,,,
107,52,NULL,3,11,43,A. MERLONI SPA,10,,1985,1985,1985,88662,NO,NULL,NULL,990,18,0,0,20,88,6971,54035,LOC. SERRAVALLE,1985-06-28,1989-03-10,2014-02-07,steel,3221,NULL,,1,INT_DEC,1985,0,3662,MC,0,0,100,0,,,,1,0,,,,,IV,NULL,NULL,GAS,,,,,,,,,,,,,,,,,,,,,,,
108,52,NULL,3,11,44,ANTONIO MERLONI SPA,11500,,1994,1994,0,446035,NO,NULL,NULL,1750,18,0,0,20,88,6960,54024,LOC. BACCARESCA,NULL,2014-02-07,2014-02-07,steel,3222,NULL,,1,INT_DEC,1994,0,22035,MC,0,0,100,0,,,,1,0,,,,,IV,NULL,NULL,GAS,,,,,,,,,,,,,,,,,,,,,,,
109,52,NULL,3,11,44,A. MERLONI SPA,10,,1989,1989,0,208927,NO,NULL,NULL,5000,18,0,0,20,88,6982,54047,VIA DI VAL CASANA,NULL,2014-02-07,2014-02-07,steel,3223,NULL,,1,INT_DEC,1989,0,5927,MC,0,0,100,0,,,,1,0,,,,,IV,NULL,NULL,GAS,,,,,,,,,,,,,,,,,,,,,,,
110,52,NULL,3,11,43,OTAR DI SETTIMI,298350,,1990,1990,1991,65350,NO,NULL,NULL,990,18,0,0,20,88,6960,54024,VIA CHIESA DI BELLUGELLO,1991-05-17,2000-04-17,2024-05-07,steel,3224,NULL,,1,INT_DEC,1990,0,11535,RM,1,0,100,0,,,,1,0,,,,,IV,NULL,NULL,GAS,,,,,,,,,,,,,,,,,,,,,,,
111,52,NULL,3,11,43,A. MERLONI SPA,115429,,1984,1984,1985,73289,NO,NULL,NULL,990,18,0,0,20,88,6975,54039,"VIA TUDERTE, 105/C",1985-09-11,1994-05-03,2014-02-07,steel,3225,NULL,,1,INT_DEC,1984,0,9359,MC,0,0,100,0,,,,1,0,,,,,IV,NULL,NULL,GAS,,,,,,,,,,,,,,,,,,,,,,,
112,290,NULL,2,8,32,Potain,Igo 12,,2003,2002,2003,91024,SI,NULL,1800,NULL,NULL,NULL,NULL,17,66,7113,32032,cantiere Farra,2012-12-06,2012-12-06,2019-04-05,construction,,NULL,,1,SUCC_ANNUALE,2003,2,153,BL,0,0,,0,,,,0,0,2003,2,153,BL,,0,0,,,,,,,,,,,,,,,,,,,,,,,,
113,290,NULL,2,8,32,Potain,Igo 36,,2003,2003,2003,95245,SI,NULL,4000,NULL,NULL,NULL,NULL,17,66,7113,32032,VIA Paolina,2012-12-06,2012-12-06,2021-06-03,construction,,NULL,,1,SUCC_ANNUALE,2003,2,157,BL,0,0,,0,,,,0,0,2003,2,157,BL,,0,0,,,,,,,,,,,,,,,,,,,,,,,,
114,52,NULL,3,11,44,PLINOXOTAR SRL,298350,,1990,1990,1993,56809,NO,NULL,NULL,3000,18,0,0,20,88,6987,54052,"LOC. ASPROLI, 7",1993-10-06,1993-10-06,2014-02-07,steel,3226,NULL,,1,INT_DEC,1990,0,15053,RM,0,0,100,0,,,,1,0,1990,0,15053,R,IV,NULL,NULL,GAS,,,,,,,,,,,,,,,,,,,,,,,
115,52,NULL,3,11,44,ANTONIO MERLONI SPA,11500,,1994,1994,0,452901,NO,NULL,NULL,3000,18,0,0,20,88,6975,54039,"STR.TIBERINA NORD, 70/A",NULL,2014-02-07,2014-02-07,steel,3227,NULL,,1,INT_DEC,1994,0,28901,MC,0,0,100,0,,,,1,0,,,,,IV,NULL,NULL,GAS,,,,,,,,,,,,,,,,,,,,,,,
116,292,NULL,1,5,7,Fassi / Socage,F 1500 AXP 28 / PA 180/246,,0,2005,0,PA 246007,--,NULL,300,NULL,NULL,NULL,NULL,10,78,5728,9030,"Via Orso Maria Corbino, 29",NULL,2014-02-03,2016-01-30,Altro,,NULL,,1,SUCC_ANNUALE,2009,2,466,CS,0,0,,0,,,,0,0,,,,,,NULL,NULL,,,,,,,,,,,,,,,,,,,,,,,,
117,52,NULL,3,11,44,OTAR DI SETTIMI,,,1986,1986,1988,16694,NO,NULL,NULL,3000,18,0,0,20,88,6974,54038,"VIA G. BRODOLINI, 4",1988-04-05,1988-04-05,2014-02-07,steel,3152,NULL,,1,INT_DEC,1986,0,8090,R,0,0,100,0,,,,1,0,,,,,IV,NULL,NULL,GAS,,,,,,,,,,,,,,,,,,,,,,,
118,249,NULL,2,8,36,Autogru Pm spa,PM 37024 LC,,2002,2002,2002,GA420295,SI,NULL,17000,NULL,NULL,NULL,NULL,17,66,7114,32030,Via Monte Vallorca c/o Moretto,2013-05-03,2014-02-21,2020-02-25,construction,,NULL,,0,SUCC_ANNUALE,2002,2,44,BL,0,0,,0,,,,0,0,2,2,44,BL,,0,0,,,,,,,,,,,,,,,,,,,,,,,,
119,292,NULL,2,8,36,FASSI / Sante Andrea,F1400A/1500AXP.28,,2008,2005,0,1034,SI,NULL,25500,NULL,NULL,NULL,NULL,10,78,5736,9067,Via Orso Maria Corbino,NULL,2014-02-03,2021-04-17,construction,,NULL,,1,SUCC_ANNUALE,2008,2,112,CS,0,0,,0,,,,0,0,2008,2,112,CS,,0,0,,29,,,,,,,,,,,,,,,,,,,,,,
120,52,NULL,3,11,44,OTAR DI SETTIMI,298350,,1988,1988,1989,27431,NO,NULL,NULL,1750,18,0,0,20,88,6960,54024,FRAZ. BRANCA,1989-03-06,1997-06-20,2024-05-07,steel,3228,NULL,,1,INT_DEC,1988,0,416,RM,1,0,100,0,,,,1,0,,,,,IV,NULL,NULL,GAS,,,,,,,,,,,,,,,,,,,,,,,
121,292,NULL,1,5,7,C.E.L.A. ,TELJ46,,2012,1999,0,CL1033,SI,NULL,200,NULL,NULL,NULL,NULL,10,78,5736,9030,Via Orso Maria Corbino,NULL,2014-02-03,2021-04-17,construction,,NULL,,1,SUCC_ANNUALE,2012,2,38,CA,0,0,,0,,,,0,0,2012,2,38,CA,,0,0,,29,,,,,,,,,,,,,,,,,,,,,,
122,52,NULL,3,11,44,OTAR DI SETTIMI,298350,,1988,1988,1989,28983,NO,NULL,NULL,1750,18,0,0,20,88,6960,54024,"STR. STATALE CONTESSA KM 8,400",1989-03-06,1997-07-14,2024-05-07,steel,3229,NULL,,1,INT_DEC,1988,0,34488,RM,1,0,100,0,,,,1,0,,,,,IV,NULL,NULL,GAS,,,,,,,,,,,,,,,,,,,,,,,
123,52,NULL,3,11,43,A. MERLONI SPA,115429,,1984,1984,1985,73312,NO,NULL,NULL,990,18,0,0,20,88,6975,54039,"STR. DELLE PULITE, 60",1985-06-05,1994-05-10,2024-10-22,steel,3230,NULL,,1,INT_DEC,1984,0,9382,MC,0,0,100,0,,,,1,0,,,,,IV,NULL,NULL,GAS,,,,,,,,,,,,,,,,,,,,,,,
124,292,NULL,2,9,39,Liebherr - Werk,LTM 1220-5.2,,2006,2006,2006,70344,SI,NULL,220000,NULL,NULL,NULL,NULL,10,78,5736,9030,Orso Maria Corbino,NULL,NULL,2021-04-17,construction,,NULL,,1,SUCC_ANNUALE,2006,2,144,CA,0,0,,0,,,,NULL,0,2006,2,144,CA,,0,0,,29,,,,,,,,,,,,,,,,,,,,,,
125,52,NULL,3,11,43,DI ZIO SPA,,,1982,1982,1987,4837,NO,NULL,NULL,990,18,0,0,20,88,6975,54039,LOC. S. ANDREA DELLE FRATTE,1987-09-08,1994-06-29,2014-02-07,steel,3231,NULL,,1,INT_DEC,1982,0,17278,PE,0,0,100,0,,,,1,0,,,,,IV,NULL,NULL,GAS,,,,,,,,,,,,,,,,,,,,,,,
126,292,NULL,2,9,39,LIEBHERR - WERK,LTM 1090/2,,2008,2001,2008,63148,SI,NULL,90000,NULL,NULL,NULL,NULL,10,81,5961,9010,"Cantiere Nuova S.S. Sassari-Olbia, Lotto 2",NULL,2013-09-23,2021-09-08,construction,BP317PE,NULL,,1,SUCC_ANNUALE,2008,2,271,CA,0,0,,0,,,,NULL,0,2008,2,271,CA,,0,0,,---,,,,,,,,,,,,,,,,,,,,,,
127,292,NULL,2,9,38,Krupp,KMK 3045,,1990,1990,1990,208531,--,NULL,45000,NULL,NULL,NULL,NULL,10,78,5736,9030,Via Orso Maria Corbino,NULL,2013-05-04,2017-05-31,Altro,,NULL,,1,SUCC_ANNUALE,1990,0,912,CN,0,0,,0,,,,0,0,90,0,912,CN,,0,0,,29,,,,,,,,,,,,,,,,,,,,,,
128,249,NULL,2,8,36,Fassi,F60.22,,2003,1988,2003,9150,SI,NULL,3800,NULL,NULL,NULL,NULL,17,66,7114,32030,Via Monte Vallorca  coMORETTO,2009-01-30,2009-01-30,2019-03-26,construction,,NULL,"Sconto 15% 
Verifica in programma",0,SUCC_ANNUALE,2003,2,90,BL,0,0,,0,,,,0,0,3,2,90,BL,,0,0,,5,,,,,,,,,,,,,,,,,,,,,,
129,52,NULL,3,11,43,I.C.E.M SPA,115429,,1983,1983,1983,49519,NO,NULL,NULL,990,18,0,0,20,88,6991,54056,LOC. MONTEACAUTO POLGETO,1983-10-11,1995-12-18,2014-02-07,steel,3232,NULL,,1,INT_DEC,1983,0,425,MC,0,0,100,0,,,,1,0,,,,,IV,NULL,NULL,GAS,,,,,,,,,,,,,,,,,,,,,,,
130,249,NULL,2,8,28,Omis,,,1994,1989,1994,4770,NO,NULL,15000,NULL,NULL,NULL,NULL,17,66,7130,32014,Via Papa Luciani ,2004-01-16,2014-02-11,2020-05-08,Altro,,NULL,,0,SUCC_BIENNALE,1994,0,223,BL,0,0,,0,,,,0,0,1994,0,223,BL,,0,0,,28,,,,,,,,,,,,,,,,,,,,,,
131,52,NULL,3,11,44,I.C.E.M SPA,112459,,1981,1981,1986,35943,NO,NULL,NULL,3000,18,0,0,20,88,6991,54056,"LOC. RESINA, 318",1986-02-28,1986-02-28,2014-02-07,steel,3233,NULL,,1,INT_DEC,1981,0,40398,MC,0,0,100,0,,,,1,0,,,,,IV,NULL,NULL,GAS,,,,,,,,,,,,,,,,,,,,,,,
132,244,NULL,2,6,13,Merlo Roto,30.16K,,2002,2002,2011,B2266848,SI,NULL,3000,NULL,NULL,NULL,NULL,17,70,7429,30175,Via F.lli Bandiera 55/6,NULL,2013-09-19,2016-01-07,Altro,,NULL,,0,SUCC_ANNUALE,12,2,344,VE,0,0,,0,,,,0,0,12,2,344,VE,,NULL,NULL,,,,,,,,,,,,,,,,,,,,,,,,
133,52,NULL,3,11,44,ANTONIO MERLONI SPA,11500,,2002,2002,2002,738537,NO,NULL,NULL,5000,18,0,0,20,88,6994,54059,VIA GALLANO,2002-02-18,2002-02-18,2024-05-07,steel,3234,NULL,,1,INT_DEC,2002,3,8537,MC,1,0,100,0,,,,1,0,,,,,IV,NULL,NULL,GAS,,,,,,,,,,,,,,,,,,,,,,,
134,296,NULL,2,8,27,Omis,GSB6.3,,2009,1995,1995,8137,SI,NULL,6300,NULL,NULL,NULL,NULL,17,71,7628,37069,Via Spagna 17,NULL,2013-01-15,2021-02-05,Altro,,NULL,,1,SUCC_BIENNALE,1995,0,1334,VR,0,0,,0,,,,0,0,1995,0,1334,VR,,0,0,,,,,,,,,,,,,,,,,,,,,,,,
135,296,NULL,2,8,27,Omis,GSB-5,,2009,1995,1995,8138,SI,NULL,5000,NULL,NULL,NULL,NULL,17,71,7628,37069,Via Spagna 17,NULL,2013-01-15,2021-02-05,Altro,,NULL,,1,SUCC_BIENNALE,1995,0,1333,VR,0,0,,0,,,,0,0,1995,0,1333,VR,,0,0,,,,,,,,,,,,,,,,,,,,,,,,
136,296,NULL,2,8,27,Omis,GSB-5,,2009,1995,1995,8139,SI,NULL,5000,NULL,NULL,NULL,NULL,17,71,7628,37069,Via Spagna 17,NULL,2013-01-15,2021-02-05,Altro,,NULL,,1,SUCC_BIENNALE,1995,0,1332,VR,0,0,,0,,,,0,0,1995,0,1332,VR,,0,0,,,,,,,,,,,,,,,,,,,,,,,,
137,296,NULL,2,8,27,Eurocostruzioni Pellegrini,OMIS,,2008,1995,1995,305,SI,NULL,4000,NULL,NULL,NULL,NULL,17,71,7628,37069,Via Spagna 17,NULL,2013-01-15,2021-02-05,Altro,,NULL,,1,SUCC_BIENNALE,1995,0,1380,VR,0,0,,0,,,,0,0,1995,0,1380,VR,,0,0,,,,,,,,,,,,,,,,,,,,,,,,
138,296,NULL,2,8,27,Omis,GSB 5,,2013,2008,2013,21231,SI,NULL,5000,NULL,NULL,NULL,NULL,17,71,7628,37069,Via Spagna 17,NULL,2013-03-15,2021-02-05,Altro,,NULL,,1,SUCC_BIENNALE,2008,2,1232,VR,0,0,,0,,,,0,0,2008,2,1232,VR,,NULL,NULL,,,,,,,,,,,,,,,,,,,,,,,,
139,296,NULL,2,8,36,Hiab,175-2,,2000,2000,2000,17501512,SI,NULL,6500,NULL,NULL,NULL,NULL,17,71,7628,37069,Via Spagna ,NULL,2013-03-15,2021-12-18,construction,,NULL,Strutturale SFERA del 26/11/2020 valida 6 anni: SCADENZA 26/11/2026,1,SUCC_ANNUALE,2000,2,3125,VR,0,0,,0,,,,0,0,2000,2,3125,VR,,0,0,,17,,,,,,,,,,,,,,,,,,,,,,
140,296,NULL,2,8,36,Hiab,175-2,,2008,2007,2008,17503205,SI,NULL,6500,NULL,NULL,NULL,NULL,17,71,7628,37069,Via Spagna ,NULL,2013-04-05,2021-06-04,steel,,NULL,,1,SUCC_ANNUALE,2008,2,1048,VR,0,0,,0,,,,0,0,8,2,1048,VR,,0,0,,17,,,,,,,,,,,,,,,,,,,,,,
141,296,NULL,2,8,36,Bonfiglioli,P20000XL/2SI,,2007,2007,2007,2046,SI,NULL,4010,NULL,NULL,NULL,NULL,17,71,7628,37069,Via Spagna 17,NULL,2013-04-05,2021-06-23,Altro,,NULL,,1,SUCC_ANNUALE,2008,2,552,VR,0,0,,0,,,,0,0,2008,2,552,VR,,NULL,NULL,,,,,,,,,,,,,,,,,,,,,,,,
142,237,NULL,2,8,35,Amco Veba Srl,706/3S,,1997,1997,1997,7790,SI,NULL,2975,NULL,NULL,NULL,NULL,17,66,7125,32026,Via Dell'Artigiano 18,2013-12-11,2013-12-11,2020-04-23,construction,,NULL,,1,SUCC_ANNUALE,97,2,978,TV,0,0,,0,,,,0,0,97,2,978,TV,,0,0,,,,,,,,,,,,,,,,,,,,,,,,
143,237,NULL,2,8,32,Potain,Igo 13,,2005,2005,2005,99795,SI,NULL,1800,NULL,NULL,NULL,NULL,17,66,7149,32028,via Borgo Dante,2013-12-11,2013-12-11,2021-11-11,construction,,NULL,,1,SUCC_ANNUALE,2005,2,103,BL,0,0,,0,,,,0,0,2005,2,103,BL,,0,0,,,,,,,,,,,,,,,,,,,,,,,,
144,237,NULL,2,8,32,Comedil,CBR 18H-1.6V,,2012,2009,2012,G6509003,SI,NULL,1600,NULL,NULL,NULL,NULL,17,66,7101,32100,Faverga di Castion,2013-12-11,2013-12-11,2021-09-14,construction,,NULL,,1,SUCC_ANNUALE,2012,2,66,BL,0,0,,0,,,,0,0,2012,2,66,BL,,0,0,,,,,,,,,,,,,,,,,,,,,,,,
145,237,NULL,2,8,32,Comedil,CBR 24 PLUS,,2012,2007,2012,G9207076,SI,NULL,2000,NULL,NULL,NULL,NULL,17,66,7120,32020,Via Salvo d'Acquisto ,2013-12-11,2013-12-11,2022-01-27,construction,,NULL,,1,SUCC_ANNUALE,2012,2,67,BL,0,0,,0,,,,0,0,2012,2,67,BL,,0,0,,,,,,,,,,,,,,,,,,,,,,,,
146,52,NULL,3,11,44,ANTONIO MERLONI SPA,011500 (DA ELIMINARE),,2002,2002,2002,738538,NO,NULL,NULL,5000,18,0,0,20,88,6994,54059,VIA GALLANO,2002-02-18,2002-02-18,2024-09-24,steel,3235,NULL,,0,INT_DEC,2002,3,8538,MC,1,0,100,0,,,,1,0,2002,3,8538,MC,IV,NULL,NULL,GAS,,,,,,,,,,,,,,,,,,,,,,,
147,241,NULL,1,1,1,Alimak Spa,25100,,2001,2001,2013,284-285,SI,NULL,1500,NULL,NULL,NULL,NULL,17,70,8064,30027,Via Trezza 39,2013-11-08,2013-11-08,2015-11-08,construction,,NULL,,0,SUCC,13,2,136,VE,0,0,,0,,,,0,0,,,,,,NULL,NULL,,,,,,,,,,,,,,,,,,,,,,,,
148,52,NULL,3,11,44,I.C.E.M SPA,115120,,1980,1980,1996,29164,NO,NULL,NULL,5000,18,0,0,20,88,6963,54027,LOC. MARCACCI 153/A,1996-10-11,1996-10-11,2024-05-19,steel,3237,NULL,,1,INT_DEC,1980,0,32866,MC,1,0,100,0,,,,1,0,,,,,IV,NULL,NULL,GAS,,,,,,,,,,,,,,,,,,,,,,,
149,52,NULL,3,11,44,A. MERLONI SPA,10,,1987,1987,1995,137478,NO,NULL,NULL,3000,18,0,0,20,88,6954,54017,STR. DELLA CASACCIA ,1987-10-13,1995-05-26,2024-05-21,steel,3238,NULL,,1,INT_DEC,1987,0,4478,MC,1,0,100,0,,,,1,0,,,,,IV,NULL,NULL,GAS,,,,,,,,,,,,,,,,,,,,,,,
150,240,NULL,2,8,35,Amco Veba Srl,807/3S,,1999,1999,1999,9479,SI,NULL,1800,NULL,NULL,NULL,NULL,17,66,7150,32020,Fraz.Toffol,NULL,2013-07-10,2017-09-12,construction,,NULL,,0,SUCC_ANNUALE,1999,2,39,BL,0,0,,0,,,,0,0,1999,2,39,BL,,0,0,,,,,,,,,,,,,,,,,,,,,,,,
151,52,NULL,3,11,44,I.C.I. SPA,123688,,1989,1989,2000,57622,NO,NULL,NULL,1750,18,0,0,20,88,6975,54039,LOC. VESCOVATO S. MARIA ROSSA,2000-06-09,2000-06-09,2014-02-10,steel,3239,NULL,,1,INT_DEC,1989,0,13562,VR,0,0,100,0,,,,1,0,,,,,IV,NULL,NULL,GAS,,,,,,,,,,,,,,,,,,,,,,,
152,240,NULL,2,8,32,Potain S.A.,HD14C,,2003,2003,2003,14357,SI,NULL,1500,NULL,NULL,NULL,NULL,17,66,7150,32020,Loc.Sachet,NULL,2013-07-12,2017-07-29,construction,,NULL,,0,SUCC_ANNUALE,2003,2,975,TV,0,0,,0,,,,0,0,2003,2,975,BL,,0,0,,,,,,,,,,,,,,,,,,,,,,,,
153,240,NULL,2,8,32,Astom,,,1991,1991,1995,P248,SI,NULL,800,NULL,NULL,NULL,NULL,17,66,8043,32010,Via Placido Fabris 149,NULL,2013-09-20,2015-09-22,construction,,NULL,,0,SUCC_ANNUALE,95,0,886,BL,0,0,,0,,,,0,0,,,,,,NULL,NULL,,,,,,,,,,,,,,,,,,,,,,,,
154,52,NULL,3,11,44,ANTONIO MERLONI SPA,11500,,2000,2000,2000,672368,NO,NULL,NULL,5000,18,0,0,20,88,6975,54039,LOC.VESCOVATO S. MARIA ROSSA,2000-07-06,2000-07-06,2024-11-12,steel,3240,NULL,,1,INT_DEC,2000,3,30368,MC,0,0,100,0,,,,1,0,,,,,IV,NULL,NULL,GAS,,,,,,,,,,,,,,,,,,,,,,,
155,238,NULL,2,8,32,Potain,,,2000,1999,2000,14642,SI,NULL,1200,NULL,NULL,NULL,NULL,17,66,7113,32032,Via Cav.di Vittorio Veneto 45,NULL,2013-09-05,2014-09-05,construction,,NULL,,0,SUCC,0,2,7,BL,0,0,,0,,,,0,0,,,,,,NULL,NULL,,,,,,,,,,,,,,,,,,,,,,,,
156,238,NULL,2,8,32,Gru Comedil Srl,,,2002,2002,2002,G6702013,SI,NULL,2000,NULL,NULL,NULL,NULL,17,66,7106,32030,Via Casette Fraz.Fianema,NULL,2013-08-10,2016-11-16,construction,,NULL,,0,SUCC_ANNUALE,2002,2,69,BL,0,0,,0,,,,0,0,2002,2,69,BL,,0,0,,,,,,,,,,,,,,,,,,,,,,,,
157,239,NULL,2,8,32,Potain,IGO 13,,2004,2004,2013,96925,SI,NULL,1800,NULL,NULL,NULL,NULL,17,66,7114,32030,via G.Marconi,NULL,2013-09-19,2018-12-14,construction,,NULL,,0,SUCC_ANNUALE,13,2,56,BL,0,0,,0,,,,0,0,13,2,56,BL,,0,0,,70/1,,,,,,,,,,,,,,,,,,,,,,
158,239,NULL,2,8,32,Fm Gru Srl,,,1998,1998,1998,1220,SI,NULL,1000,NULL,NULL,NULL,NULL,17,66,7113,32032,Via Cav.di Vitt.Veneto 10/O,NULL,2013-07-10,2014-07-10,construction,,NULL,,0,SUCC,98,2,26,BL,0,0,,0,,,,0,0,,,,,,NULL,NULL,,,,,,,,,,,,,,,,,,,,,,,,
159,52,NULL,3,11,44,ANTONIO MERLONI SPA,11500,,2000,2000,2000,672407,NO,NULL,NULL,5000,18,0,0,20,88,6975,54039,LOC. VESCOVATO S. MARIA ROSSA,2000-07-06,2000-07-06,2024-11-12,steel,3241,NULL,,1,INT_DEC,2000,3,30407,MC,0,0,100,0,,,,1,0,,,,,IV,NULL,NULL,GAS,,,,,,,,,,,,,,,,,,,,,,,
160,251,NULL,2,8,32,Comedil,CTT 51/A-2,,2006,2006,2006,G8606013,SI,NULL,2000,NULL,NULL,NULL,NULL,17,66,7114,32030,Via Fenadora ,NULL,2013-12-07,2021-10-05,construction,,NULL,,1,SUCC_ANNUALE,2006,2,73,BL,0,0,,0,,,,0,0,6,2,73,BL,,0,0,,14,,,,,,,,,,,,,,,,,,,,,,
161,251,NULL,2,8,35,Bonfiglioli,2600 N,,2002,1995,2002,1339,SI,NULL,750,NULL,NULL,NULL,NULL,17,66,7114,32030,Via Monte Vallorca MORETTO,NULL,2013-10-03,2019-10-05,construction,,NULL,,1,SUCC_ANNUALE,2002,2,1169,VI,0,0,,0,,,,0,0,2002,2,1169,VI,,0,0,,5,,,,,,,,,,,,,,,,,,,,,,
162,52,NULL,3,11,44,ANTONIO MERLONI SPA,11500,,2000,2000,2000,672408,NO,NULL,NULL,5000,18,0,0,20,88,6975,54039,LOC. VESCOVATO S. MARIA ROSSA,2000-07-06,2000-07-06,2024-11-12,steel,3242,NULL,,1,INT_DEC,2000,3,30408,M,0,0,100,0,,,,1,0,,,,,IV,NULL,NULL,GAS,,,,,,,,,,,,,,,,,,,,,,,
163,52,NULL,3,11,44,ANTONIO MERLONI SPA,11500,,2000,2000,2000,672409,NO,NULL,NULL,5000,18,0,0,20,88,6975,54039,LOC. VESCOVATO S. MARIA ROSSA,2000-07-06,2000-07-06,2024-11-12,steel,3243,NULL,,1,INT_DEC,2000,3,30409,MC,0,0,100,0,,,,1,0,,,,,IV,NULL,NULL,GAS,,,,,,,,,,,,,,,,,,,,,,,
164,253,NULL,2,8,35,Autogru Pm Spa,,,2005,2003,2005,GA240897,SI,NULL,2500,NULL,NULL,NULL,NULL,17,66,7114,32030,Via Monte Vallorca 5 MORETTO,NULL,2013-12-11,2019-03-26,construction,,NULL,,0,SUCC_ANNUALE,2005,2,69,BL,0,0,,0,,,,0,0,2005,2,69,BL,,0,0,,,,,,,,,,,,,,,,,,,,,,,,
165,52,NULL,3,11,44,I.M.Z. SPA F.LLI ILLESI,161125,,1981,1981,1994,24592,NO,NULL,NULL,5000,18,0,0,20,88,6949,54010,VIA VITTIME DEL TERRORISMO,1994-06-02,1994-06-02,2024-05-07,steel,3244,NULL,,1,INT_DEC,1981,2,17242,VI,1,0,100,0,,,,1,0,,,,,IV,NULL,NULL,GAS,,,,,,,,,,,,,,,,,,,,,,,
166,52,NULL,3,11,44,WALTER TOSTO SERBATOI SPA,131741,,1994,1994,1995,134250,NO,NULL,NULL,3000,18,0,0,20,88,6970,54034,LOC. SERRE DI PARRANO,1995-05-03,1995-05-03,2014-02-10,steel,3245,NULL,,1,INT_DEC,1994,0,3266,CH,0,0,100,0,,,,1,0,,,,,IV,NULL,NULL,GAS,,,,,,,,,,,,,,,,,,,,,,,
167,52,NULL,3,11,43,A. MERLONI SPA,10,,1986,1986,1998,126020,NO,NULL,NULL,990,18,0,0,20,88,6991,54056,"VIA TIBERINA, 3 BIS",1998-09-30,1998-09-30,2024-06-17,steel,3246,NULL,,1,INT_DEC,1986,0,17020,MC,1,0,100,0,,,,1,0,,,,,IV,NULL,NULL,GAS,,,,,,,,,,,,,,,,,,,,,,,
168,292,NULL,2,8,36,Heila,,,0,1990,0,4280,--,NULL,12100,NULL,NULL,NULL,NULL,10,78,5736,9030,"Via Orso Maria Corbino, 29",NULL,2011-11-29,2012-11-29,Altro,,NULL,,1,SUCC,RE,,1149,90,0,0,,0,,,,0,0,,,,,,NULL,NULL,,,,,,,,,,,,,,,,,,,,,,,,
169,292,NULL,2,8,36,FASSI/SARMOCAR,F210.A22,,2003,2003,0,3717,SI,NULL,9200,NULL,NULL,NULL,NULL,10,78,5736,9030,Via Orso Maria Corbino,NULL,2013-02-07,2019-07-15,construction,,NULL,*SOSPESA: sicurezze non intervengono*,1,SUCC,2003,2,93,CA,0,0,,0,,,,0,0,,,,,,NULL,NULL,,29,,,,,,,,,,,,,,,,,,,,,,
170,253,NULL,2,8,32,Potain,,,2003,1999,1999,11088,SI,NULL,1000,NULL,NULL,NULL,NULL,17,66,7125,32026,Via Corte ,NULL,2013-04-15,2016-08-24,construction,,NULL,,0,SUCC_ANNUALE,2003,2,67,BL,0,0,,0,,,,0,0,2003,2,67,BL,,0,0,,62/B,,,,,,,,,,,,,,,,,,,,,,
171,52,NULL,3,11,44,I.C.E.M SPA,115429,,1983,1983,1985,53391,NO,NULL,NULL,3000,18,0,0,20,88,6991,54056,"VIA TIBERINA, 3 BIS",1985-09-13,1993-03-23,2024-06-17,steel,3247,NULL,,1,INT_DEC,1983,0,3297,MC,1,0,100,0,,,,1,0,,,,,IV,NULL,NULL,GAS,,,,,,,,,,,,,,,,,,,,,,,
172,52,NULL,3,11,43,A. MERLONI SPA,115429,,1984,1984,1999,63962,NO,NULL,NULL,990,18,0,0,20,88,6960,54024,LOC. TORRACCIA,1999-06-18,1999-06-18,2014-02-10,steel,3248,NULL,,1,INT_DEC,1984,0,32,MC,0,0,100,0,,,,1,0,,,,,IV,NULL,NULL,GAS,,,,,,,,,,,,,,,,,,,,,,,
173,292,NULL,2,8,35,Palfinger,,,0,2007,0,41/07,--,NULL,960,NULL,NULL,NULL,NULL,10,78,5736,9030,"Via Orso Maria Corbino, 29",NULL,2013-01-25,2014-01-25,Altro,,NULL,,1,SUCC,8,2,33,CA,0,0,,0,,,,0,0,,,,,,NULL,NULL,,,,,,,,,,,,,,,,,,,,,,,,
174,292,NULL,1,5,7,"Oil & Steel S,p.A.",SCORPION 1812,,2005,2005,0,151560506,SI,NULL,200,NULL,NULL,NULL,NULL,10,78,5736,9067,Via Orso Maria Corbino,NULL,2013-02-07,2021-03-02,construction,,NULL,,1,SUCC_ANNUALE,2005,2,256,ME,0,0,303,0,,,,0,0,2005,2,256,ME,,0,0,,29,,,,,,,,,,,,,,,,,,,,,,
175,52,NULL,3,11,44,ANTONIO MERLONI SPA,11500,,1993,1993,2000,397937,NO,NULL,NULL,5000,18,0,0,20,88,6990,54055,"CASE SPARSE, 7",2000-08-12,2000-08-12,2014-02-10,steel,3151,NULL,,1,INT_DEC,1993,0,8937,MC,0,0,100,0,,,,1,0,,,,,IV,NULL,NULL,GAS,,,,,,,,,,,,,,,,,,,,,,,
176,292,NULL,1,5,7,MULTITEL PAGLIERO,60 ART,,1990,1990,1990,10809,NO,NULL,300,NULL,NULL,NULL,NULL,10,78,5736,9030,Via Orso Maria Corbino,NULL,2013-05-31,2021-09-02,construction,,NULL,,1,SUCC_ANNUALE,1990,0,378,CN,0,0,,0,,,,0,0,1990,0,378,CN,,0,0,,29,,,,,,,,,,,,,,,,,,,,,,
177,257,NULL,2,8,35,Kesla,OYS 2005Z5,,2003,2003,2013,920033324,SI,NULL,1820,NULL,NULL,NULL,NULL,17,66,8038,32030,Via Fusinato 42/A,2013-12-09,2013-12-09,2014-12-09,construction,,NULL,,0,SUCC,13,2,103,BL,0,0,,0,,,,0,0,,,,,,NULL,NULL,,,,,,,,,,,,,,,,,,,,,,,,
178,218,NULL,2,8,36,Effer,1550 J,,0,2005,2005,111402/2005,--,NULL,21890,NULL,NULL,NULL,NULL,10,81,5971,7100,"Via Caniga, 58",NULL,2013-12-20,2014-12-20,construction,,NULL,,1,SUCC,6,2,4,SS,0,0,,0,,,,0,0,,,,,,NULL,NULL,,,,,,,,,,,,,,,,,,,,,,,,
179,218,NULL,1,4,5,Centro gru,,,0,2005,2006,241,--,NULL,200,NULL,NULL,NULL,NULL,10,81,5971,7100,"Via Caniga, 58",NULL,2012-11-29,2013-11-29,construction,,NULL,,1,SUCC,6,2,59,SS,0,0,,0,,,,0,0,,,,,,NULL,NULL,,,,,,,,,,,,,,,,,,,,,,,,
180,218,NULL,2,9,39,Liebherr,1060/2,,0,2003,2003,5760B / 2003,--,NULL,60000,NULL,NULL,NULL,NULL,10,81,5971,7100,"Via Caniga, 58",NULL,2013-12-21,2014-12-21,construction,,NULL,,1,SUCC,SS,,90,3,0,0,,0,,,,0,0,,,,,,NULL,NULL,,,,,,,,,,,,,,,,,,,,,,,,
181,258,NULL,2,8,32,Potain,HD11,,2002,2001,2001,90514,SI,NULL,1000,NULL,NULL,NULL,NULL,17,66,7101,32100,Castion v dei Sette Messaggeri,NULL,2013-12-05,2020-05-24,construction,,NULL,,1,SUCC_ANNUALE,2002,2,43,BL,0,0,,0,,,,0,0,2002,2,43,BL,,0,0,,,,,,,,,,,,,,,,,,,,,,,,
182,218,NULL,2,9,38,Manitou,,,0,2007,2007,118077,--,NULL,12000,NULL,NULL,NULL,NULL,10,81,5971,7100,"Via Caniga, 58",NULL,2012-11-29,2013-11-29,construction,,NULL,,1,SUCC,8,2,17,SS,0,0,,0,,,,0,0,,,,,,NULL,NULL,,,,,,,,,,,,,,,,,,,,,,,,
183,267,NULL,2,8,32,Cibin Gru srl,S.21 185012,,1995,1995,2013,P.12,SI,NULL,1200,NULL,NULL,NULL,NULL,17,71,7604,37047,Via Salvo D'Acquisto,NULL,2014-02-06,2015-02-06,construction,,NULL,,0,SUCC,2007,2,215,VR,0,0,,0,,,,0,0,,,,,,NULL,NULL,,,,,,,,,,,,,,,,,,,,,,,,
184,277,NULL,2,8,32,Benedini,,,1995,1995,2014,20010,NO,NULL,1300,NULL,NULL,NULL,NULL,17,67,7185,35013,Via Gaianighe,NULL,2014-02-13,2015-02-13,construction,,NULL,,0,SUCC_ANNUALE,2000,2,1040,PD,0,0,,0,,,,0,0,,,,,,NULL,NULL,,,,,,,,,,,,,,,,,,,,,,,,
185,218,NULL,2,8,36,Sol.Ge Spa / Effer,165.11 / 45,,0,2010,2010,117925,--,NULL,5000,NULL,NULL,NULL,NULL,10,81,5971,7100,"Via Caniga, 58",NULL,2013-12-21,2014-12-21,construction,,NULL,,1,SUCC,2012,2,60,SS,0,0,,0,,,,0,0,,,,,,NULL,NULL,,,,,,,,,,,,,,,,,,,,,,,,
186,218,NULL,2,8,36,Sol.Ge Spa / Effer,470/6s,,0,2010,2010,117926,--,NULL,8710,NULL,NULL,NULL,NULL,10,81,5971,7100,"Via Caniga, 58",NULL,2013-12-21,2014-12-21,construction,,NULL,,1,SUCC,2012,2,61,SS,0,0,,0,,,,0,0,,,,,,NULL,NULL,,,,,,,,,,,,,,,,,,,,,,,,
187,218,NULL,1,4,5,Centro gru,,,0,2010,2010,451,--,NULL,200,NULL,NULL,NULL,NULL,10,81,5971,7100,"Via Caniga, 58",NULL,2012-07-13,2013-07-13,construction,,NULL,,1,SUCC,2010,2,62,SS,0,0,,0,,,,0,0,,,,,,NULL,NULL,,,,,,,,,,,,,,,,,,,,,,,,
188,218,NULL,1,4,5,Manitou,,,0,2007,2007,18077,--,NULL,365,NULL,NULL,NULL,NULL,10,81,5971,7100,"Via Caniga, 58",NULL,2012-11-29,2013-11-29,construction,,NULL,,1,SUCC,8,2,15,SS,0,0,,0,,,,0,0,,,,,,NULL,NULL,,,,,,,,,,,,,,,,,,,,,,,,
189,218,NULL,2,8,36,Effer,430/ 4S,,0,2001,2002,105289/2001,--,NULL,11470,NULL,NULL,NULL,NULL,10,81,5971,7100,"Via Caniga, 58",NULL,2013-12-21,2014-12-21,construction,,NULL,,1,SUCC,SS,,24,2,0,0,,0,,,,0,0,,,,,,NULL,NULL,,,,,,,,,,,,,,,,,,,,,,,,
190,133,NULL,2,8,36,Epsilon,Q170 L89,,2009,2009,2009,1413461,SI,NULL,5250,NULL,NULL,NULL,NULL,17,71,7628,37060,V.le del Lavoro 13,NULL,2014-02-07,2020-02-21,Altro,,NULL,,1,SUCC_ANNUALE,2009,2,245,VR,0,0,,0,,,,0,0,2009,2,245,VR,,NULL,NULL,,,,,,,,,,,,,,,,,,,,,,,,
191,218,NULL,2,8,36,Effer,,,0,2000,2000,102081,--,NULL,13000,NULL,NULL,NULL,NULL,10,81,5971,7100,"Via Caniga, 58",NULL,2011-09-23,2012-09-23,construction,,NULL,,1,SUCC,SS,,344,0,0,0,,0,,,,0,0,,,,,,NULL,NULL,,,,,,,,,,,,,,,,,,,,,,,,
192,218,NULL,2,8,36,Fassi,,,0,1999,1999,1622/99,--,NULL,5360,NULL,NULL,NULL,NULL,10,81,5971,7100,"Via Caniga, 58",NULL,2012-11-19,2013-11-29,construction,,NULL,,1,SUCC,NU,,395,99,0,0,,0,,,,0,0,,,,,,NULL,NULL,,,,,,,,,,,,,,,,,,,,,,,,
193,218,NULL,2,8,36,Bonfiglioli,,,0,2007,2008,3462,--,NULL,3080,NULL,NULL,NULL,NULL,10,81,5971,7100,"Via Caniga, 58",NULL,2010-04-21,2011-04-21,construction,,NULL,,1,SUCC,8,2,88,SS,0,0,,0,,,,0,0,,,,,,NULL,NULL,,,,,,,,,,,,,,,,,,,,,,,,
194,218,NULL,2,9,39,Liebherr,,,0,2009,2009,66112,--,NULL,130000,NULL,NULL,NULL,NULL,10,81,5971,7100,"Via Caniga, 58",NULL,2013-07-11,2015-10-22,construction,,NULL,,1,SUCC_ANNUALE,2009,2,145,SS,0,0,,0,,,,0,0,2009,2,145,SS,,NULL,NULL,,,,,,,,,,,,,,,,,,,,,,,,
195,218,NULL,2,9,39,Liebherr,,,0,2009,2009,66112,--,NULL,0,NULL,NULL,NULL,NULL,10,81,5971,7100,"Via Caniga, 58",NULL,2013-07-11,2014-07-11,construction,,NULL,,1,SUCC,9,2,145,SS,0,0,,0,,,,0,0,,,,,,NULL,NULL,,,,,,,,,,,,,,,,,,,,,,,,
196,219,NULL,1,5,7,Colombo,,,0,2002,2002,6007,--,NULL,200,NULL,NULL,NULL,NULL,10,106,5681,9036,Z.Artig P.I.P SS126 km 95,NULL,2012-10-10,2013-10-10,Altro,,NULL,,1,SUCC,2,2,40,CA,0,0,,0,,,,0,0,,,,,,NULL,NULL,,,,,,,,,,,,,,,,,,,,,,,,
197,219,NULL,1,5,7,Colombo,,,0,1998,1998,5553,--,NULL,100,NULL,NULL,NULL,NULL,10,106,5681,9036,Z.Artig P.I.P SS126 km 95,NULL,2013-10-07,2014-10-07,Altro,,NULL,,1,SUCC,99,2,681,CA,0,0,,0,,,,0,0,,,,,,NULL,NULL,,,,,,,,,,,,,,,,,,,,,,,,
198,220,NULL,1,5,7,Sequani Meccanica,Zed 20 E,,0,2003,2011,1465,SI,NULL,220,NULL,NULL,NULL,NULL,10,78,5751,9020,"Via XXV Aprile, 45",NULL,2014-01-23,2015-01-23,construction,,NULL,,1,SUCC,2004,2,31,RM,0,0,,0,,,,0,0,,,,,,NULL,NULL,,,,,,,,,,,,,,,,,,,,,,,,
199,220,NULL,1,5,7,Sequani Meccanica,CS 135,,0,2007,2011,3053,SI,NULL,200,NULL,NULL,NULL,NULL,10,78,5751,9020,"Via XXV Aprile, 45",NULL,2013-05-09,2015-07-11,construction,,NULL,,1,SUCC_ANNUALE,,,,,0,0,,0,,,,0,0,,,,,,NULL,NULL,,,,,,,,,,,,,,,,,,,,,,,,
200,220,NULL,1,5,7,Sequani Meccanica,Z 20 E,,2017,2006,2017,2357,SI,NULL,200,NULL,NULL,NULL,NULL,10,78,5746,9030,Via Nazionale,NULL,2013-05-09,2021-11-16,construction,,NULL,RI-DENUNCIATO A CAGLIARI E FATTA 1 VERIFICA PERIODICA NEL 2017,1,SUCC_ANNUALE,2017,2,84,CA,0,0,303,0,,,,0,0,,,,,,0,0,,297,,,,,,,,,,,,,,,,,,,,,,
201,293,NULL,2,6,9,Manitou C.I.,MVT 1340 SL,,2013,2004,2004,13154,SI,NULL,4000,NULL,NULL,NULL,NULL,10,78,5724,9032,S.P 2 Portoscuso km 76.300,NULL,2014-02-21,2021-01-10,construction,,NULL, ,1,SUCC_ANNUALE,2013,2,13,CA,0,0,,0,,,,0,0,2013,2,13,CA,,0,0,,s.n.,,,,,,,,,,,,,,,,,,,,,,
202,217,NULL,1,5,7,Hinowa,Gold Lift 17.80,,0,2011,2011,186G74,SI,NULL,200,NULL,NULL,NULL,NULL,10,78,5736,9030,Via Cettolini,NULL,2013-10-17,2015-10-13,Altro,,NULL,,1,SUCC_ANNUALE,2011,2,161,CR,0,0,,0,,,,0,0,CR,2,161,11,,NULL,NULL,,,,,,,,,,,,,,,,,,,,,,,,
203,217,NULL,1,5,7,Multitel Pagliero,MX 270,,0,2009,2009,18106,--,NULL,225,NULL,NULL,NULL,NULL,10,78,5736,9030,Via Cettolini,NULL,2013-10-17,2014-10-13,Altro,,NULL,,1,SUCC_ANNUALE,2009,2,129,CR,0,0,,0,,,,0,0,CR,2,129,9,,NULL,NULL,,,,,,,,,,,,,,,,,,,,,,,,
204,217,NULL,1,5,7,Multitel Pagliero,MX 200,,0,2006,2007,16044,--,NULL,200,NULL,NULL,NULL,NULL,10,78,5736,9030,Via Cettolini,NULL,2013-10-17,2015-10-13,Altro,,NULL,,1,SUCC_ANNUALE,2007,2,102,CR,0,0,,0,,,,0,0,CR,2,102,7,,NULL,NULL,,,,,,,,,,,,,,,,,,,,,,,,
205,217,NULL,2,6,9,JLG,,,0,2004,2005,1160000365,--,NULL,0,NULL,NULL,NULL,NULL,10,78,5736,9030,Via Cettolini,NULL,2012-09-20,2013-09-20,Altro,,NULL,,1,SUCC,2005,2,193,CR,0,0,,0,,,,0,0,CR,2,193,5,,NULL,NULL,,,,,,,,,,,,,,,,,,,,,,,,
206,217,NULL,1,5,7,JLG,3246 ES,,0,2004,2004,200119193,--,NULL,320,NULL,NULL,NULL,NULL,10,78,5736,9030,Via Cettolini,NULL,2013-10-17,2014-10-17,Altro,,NULL,,1,SUCC,2004,2,126,CR,0,0,,0,,,,0,0,CR,2,126,4,,NULL,NULL,,,,,,,,,,,,,,,,,,,,,,,,
207,217,NULL,1,5,7,JLG,4069 LE,,0,2004,2004,200119298,SI,NULL,360,NULL,NULL,NULL,NULL,10,78,5736,9030,Via Cettolini,NULL,2013-10-17,2014-10-17,Altro,,NULL,,1,SUCC,2004,2,159,CR,0,0,,0,,,,0,0,CR,2,159,4,,NULL,NULL,,,,,,,,,,,,,,,,,,,,,,,,
208,217,NULL,1,5,7,Multitel Pagliero,MX 200,,0,2009,2009,18207,SI,NULL,200,NULL,NULL,NULL,NULL,10,78,5736,9030,Via Cettolini,NULL,2013-10-17,2015-11-17,Altro,,NULL,,1,SUCC_ANNUALE,2009,2,189,CR,0,0,,0,,,,0,0,CR,2,189,9,,NULL,NULL,,,,,,,,,,,,,,,,,,,,,,,,
209,217,NULL,1,5,7,Multitel Pagliero,MX 170,,0,2007,2007,16682,SI,NULL,200,NULL,NULL,NULL,NULL,10,78,5736,9030,Via Cettolini,NULL,2014-01-16,2016-01-15,construction,,NULL,,1,SUCC_ANNUALE,2007,2,301,CR,0,0,,0,,,,0,0,CR,2,301,7,,NULL,NULL,,,,,,,,,,,,,,,,,,,,,,,,
210,217,NULL,1,5,7,Haulotte,H 15 SX,,0,2008,2008,CD 115848,--,NULL,500,NULL,NULL,NULL,NULL,10,78,5736,9030,Via Cettolini,NULL,2014-01-16,2015-01-16,construction,,NULL,,1,SUCC,2008,2,303,CR,0,0,,0,,,,0,0,CR,2,303,8,,NULL,NULL,,,,,,,,,,,,,,,,,,,,,,,,
211,118,NULL,2,8,27,Omis spa,GSM-2,,2013,2011,2013,24435,SI,NULL,2000,NULL,NULL,NULL,NULL,17,68,7254,45021,Via CÃ  Mignola Nuova 1290,NULL,2013-09-19,2022-09-16,Altro,,NULL,,1,SUCC_TRIENNALE,13,2,37,RO,0,0,,0,,,,0,0,13,2,37,RO,,0,0,,,,,,,,,,,,,,,,,,,,,,,,
212,217,NULL,1,5,7,Haulotte,H 15 SX,,0,2008,2008,CD 115849,--,NULL,500,NULL,NULL,NULL,NULL,10,78,5736,9030,Via Cettolini,NULL,2014-01-28,2016-02-04,Altro,,NULL,,1,SUCC_ANNUALE,2008,2,302,CR,0,0,,0,,,,0,0,,,,,,NULL,NULL,,,,,,,,,,,,,,,,,,,,,,,,
213,118,NULL,2,8,27,Omis spa,GSM-2,,2013,2011,2013,24434,SI,NULL,2000,NULL,NULL,NULL,NULL,17,68,7254,45021,Via CÃ  Mignola Nuova 1290,NULL,2013-09-19,2022-09-16,Altro,,NULL,,1,SUCC_TRIENNALE,13,2,36,RO,0,0,,0,,,,0,0,13,2,36,RO,,0,0,,,,,,,,,,,,,,,,,,,,,,,,
214,217,NULL,1,5,7,JLG,1350 SJP,,0,2008,2008,300132235,--,NULL,450,NULL,NULL,NULL,NULL,10,78,5736,9030,Via Cettolini,NULL,0014-01-28,2015-01-28,construction,,NULL,,1,SUCC,2008,2,430,CR,0,0,,0,,,,0,0,,,,,,NULL,NULL,,,,,,,,,,,,,,,,,,,,,,,,
215,217,NULL,1,5,7,JLG,,,0,2007,2007,1300004211,--,NULL,230,NULL,NULL,NULL,NULL,10,78,5736,9030,Via Cettolini,NULL,2013-02-18,2016-03-18,construction,,NULL,,1,SUCC_ANNUALE,2007,2,203,CR,0,0,,0,,,,0,0,7,2,203,CR,,NULL,NULL,,,,,,,,,,,,,,,,,,,,,,,,
216,185,NULL,2,8,32,Gru Dalbe,HS 263,,2009,2006,2006,DT 237S5,SI,NULL,2000,NULL,NULL,NULL,NULL,10,78,5731,9033,Via Sebastiano Satta,NULL,2013-10-30,2021-02-21,construction,,NULL,,1,SUCC_ANNUALE,2009,2,164,CA,0,0,,0,,,,0,0,9,2,164,CA,,0,0,,37,,,,,,,,,,,,,,,,,,,,,,
217,221,NULL,2,9,38,JCB,JS235HD,,2009,2007,2008,1610966,SI,NULL,12580,NULL,NULL,NULL,NULL,10,81,5959,7033,Cant. Nuova S.P. Osilo-Nulvi,NULL,2013-11-08,2018-01-31,construction,,NULL,,1,SUCC_ANNUALE,2009,2,26,CA,0,0,,0,,,,0,0,2009,2,26,CA,,0,0,,,,,,,,,,,,,,,,,,,,,,,,
218,216,NULL,2,8,27,PRIM,A cassone,,1987,1986,1987,1657,SI,NULL,3000,NULL,NULL,NULL,NULL,10,79,5807,8015,Z.I. Tossilo,NULL,2014-01-31,2021-06-09,construction,n. 04,NULL,,1,SUCC_ANNUALE,1987,0,4,NU,0,0,,0,,,,0,0,1987,0,4,NU,,0,0,,s.n.,,,,,,,,,,,,,,,,,,,,,,
219,216,NULL,2,8,27,Prim S.p.A.,Bitrave EL,,1988,1987,1988,2154,NO,NULL,3000,NULL,NULL,NULL,NULL,10,79,5807,8015,Zona Industriale Tossilo,NULL,2014-01-31,2020-08-01,construction,,NULL,,1,SUCC_ANNUALE,1988,0,26,NU,0,0,,0,,,,0,0,1988,0,26,NU,,0,0,,s.n.,,,,,,,,,,,,,,,,,,,,,,
220,216,NULL,2,8,27,Prim S.p.A.,Bitrave EL,,1989,1989,1989,2565,NO,NULL,3000,NULL,NULL,NULL,NULL,10,79,5807,8015,Zona Industriale Tossilo,NULL,2014-01-31,2020-08-01,construction,,NULL,,1,SUCC_ANNUALE,1989,0,36,NU,0,0,,0,,,,0,0,1989,0,36,NU,,0,0,,s.n.,,,,,,,,,,,,,,,,,,,,,,
